Well,Sample description 1,Sample description 2,Sample description 3,Sample description 4,Target,Conc(copies/uL),Status,Experiment,SampleType,TargetType,Supermix,DyeName(s),Accepted Droplets,Positives,Negatives
A01,,,,,FluA,0,Manual,DQ,Unknown,Unknown,One-Step RT-ddPCR Advanced Kit for Probes,FAM,20485,0,20485
A01,,,,,BRSV,6.71090936660767,Manual,DQ,Unknown,Unknown,One-Step RT-ddPCR Advanced Kit for Probes,HEX,20485,109,20376
A01,,,,,RSV,0,Manual,DQ,Unknown,Unknown,One-Step RT-ddPCR Advanced Kit for Probes,Cy5,20485,0,20485
A01,,,,,FluB,0,Manual,DQ,Unknown,Unknown,One-Step RT-ddPCR Advanced Kit for Probes,Cy5.5,20485,0,20485
A01,,,,,SC2,0.0614055283367634,Manual,DQ,Unknown,Unknown,One-Step RT-ddPCR Advanced Kit for Probes,ROX,20485,1,20484
A02,,,,,FluA,0,Manual,DQ,Unknown,Unknown,One-Step RT-ddPCR Advanced Kit for Probes,FAM,18663,0,18663
A02,,,,,BRSV,6.8257532119751,Manual,DQ,Unknown,Unknown,One-Step RT-ddPCR Advanced Kit for Probes,HEX,18663,101,18562
A02,,,,,RSV,0,Manual,DQ,Unknown,Unknown,One-Step RT-ddPCR Advanced Kit for Probes,Cy5,18663,0,18663
A02,,,,,FluB,0,Manual,DQ,Unknown,Unknown,One-Step RT-ddPCR Advanced Kit for Probes,Cy5.5,18663,0,18663
A02,,,,,SC2,0,Manual,DQ,Unknown,Unknown,One-Step RT-ddPCR Advanced Kit for Probes,ROX,18663,0,18663
A03,,,,,FluA,0,Manual,DQ,Unknown,Unknown,One-Step RT-ddPCR Advanced Kit for Probes,FAM,18453,0,18453
A03,,,,,BRSV,5.60204362869263,Manual,DQ,Unknown,Unknown,One-Step RT-ddPCR Advanced Kit for Probes,HEX,18453,82,18371
A03,,,,,RSV,0,Manual,DQ,Unknown,Unknown,One-Step RT-ddPCR Advanced Kit for Probes,Cy5,18453,0,18453
A03,,,,,FluB,0,Manual,DQ,Unknown,Unknown,One-Step RT-ddPCR Advanced Kit for Probes,Cy5.5,18453,0,18453
A03,,,,,SC2,0,Manual,DQ,Unknown,Unknown,One-Step RT-ddPCR Advanced Kit for Probes,ROX,18453,0,18453
A04,,,,,FluA,0,Manual,DQ,Unknown,Unknown,One-Step RT-ddPCR Advanced Kit for Probes,FAM,18751,0,18751
A04,,,,,BRSV,13.4207353591919,Manual,DQ,Unknown,Unknown,One-Step RT-ddPCR Advanced Kit for Probes,HEX,18751,199,18552
A04,,,,,RSV,0,Manual,DQ,Unknown,Unknown,One-Step RT-ddPCR Advanced Kit for Probes,Cy5,18751,0,18751
A04,,,,,FluB,0,Manual,DQ,Unknown,Unknown,One-Step RT-ddPCR Advanced Kit for Probes,Cy5.5,18751,0,18751
A04,,,,,SC2,0.0670841634273529,Manual,DQ,Unknown,Unknown,One-Step RT-ddPCR Advanced Kit for Probes,ROX,18751,1,18750
B01,,,,,FluA,0,Manual,DQ,Unknown,Unknown,One-Step RT-ddPCR Advanced Kit for Probes,FAM,19512,0,19512
B01,,,,,BRSV,4.00325918197632,Manual,DQ,Unknown,Unknown,One-Step RT-ddPCR Advanced Kit for Probes,HEX,19512,62,19450
B01,,,,,RSV,0.128938719630241,Manual,DQ,Unknown,Unknown,One-Step RT-ddPCR Advanced Kit for Probes,Cy5,19512,2,19510
B01,,,,,FluB,0,Manual,DQ,Unknown,Unknown,One-Step RT-ddPCR Advanced Kit for Probes,Cy5.5,19512,0,19512
B01,,,,,SC2,0,Manual,DQ,Unknown,Unknown,One-Step RT-ddPCR Advanced Kit for Probes,ROX,19512,0,19512
B02,,,,,FluA,0,Manual,DQ,Unknown,Unknown,One-Step RT-ddPCR Advanced Kit for Probes,FAM,18921,0,18921
B02,,,,,BRSV,6.33147573471069,Manual,DQ,Unknown,Unknown,One-Step RT-ddPCR Advanced Kit for Probes,HEX,18921,95,18826
B02,,,,,RSV,0,Manual,DQ,Unknown,Unknown,One-Step RT-ddPCR Advanced Kit for Probes,Cy5,18921,0,18921
B02,,,,,FluB,0,Manual,DQ,Unknown,Unknown,One-Step RT-ddPCR Advanced Kit for Probes,Cy5.5,18921,0,18921
B02,,,,,SC2,0.132966354489326,Manual,DQ,Unknown,Unknown,One-Step RT-ddPCR Advanced Kit for Probes,ROX,18921,2,18919
B03,,,,,FluA,0,Manual,DQ,Unknown,Unknown,One-Step RT-ddPCR Advanced Kit for Probes,FAM,18757,0,18757
B03,,,,,BRSV,8.88333511352539,Manual,DQ,Unknown,Unknown,One-Step RT-ddPCR Advanced Kit for Probes,HEX,18757,132,18625
B03,,,,,RSV,0,Manual,DQ,Unknown,Unknown,One-Step RT-ddPCR Advanced Kit for Probes,Cy5,18757,0,18757
B03,,,,,FluB,0,Manual,DQ,Unknown,Unknown,One-Step RT-ddPCR Advanced Kit for Probes,Cy5.5,18757,0,18757
B03,,,,,SC2,0.0670627057552338,Manual,DQ,Unknown,Unknown,One-Step RT-ddPCR Advanced Kit for Probes,ROX,18757,1,18756
B04,,,,,FluA,0,Manual,DQ,Unknown,Unknown,One-Step RT-ddPCR Advanced Kit for Probes,FAM,15013,0,15013
B04,,,,,BRSV,8.49086093902588,Manual,DQ,Unknown,Unknown,One-Step RT-ddPCR Advanced Kit for Probes,HEX,15013,101,14912
B04,,,,,RSV,0,Manual,DQ,Unknown,Unknown,One-Step RT-ddPCR Advanced Kit for Probes,Cy5,15013,0,15013
B04,,,,,FluB,0,Manual,DQ,Unknown,Unknown,One-Step RT-ddPCR Advanced Kit for Probes,Cy5.5,15013,0,15013
B04,,,,,SC2,0,Manual,DQ,Unknown,Unknown,One-Step RT-ddPCR Advanced Kit for Probes,ROX,15013,0,15013
C01,,,,,FluA,0,Manual,DQ,Unknown,Unknown,One-Step RT-ddPCR Advanced Kit for Probes,FAM,19544,0,19544
C01,,,,,BRSV,5.80582332611084,Manual,DQ,Unknown,Unknown,One-Step RT-ddPCR Advanced Kit for Probes,HEX,19544,90,19454
C01,,,,,RSV,0.064362145960331,Manual,DQ,Unknown,Unknown,One-Step RT-ddPCR Advanced Kit for Probes,Cy5,19544,1,19543
C01,,,,,FluB,0,Manual,DQ,Unknown,Unknown,One-Step RT-ddPCR Advanced Kit for Probes,Cy5.5,19544,0,19544
C01,,,,,SC2,0.193096309900284,Manual,DQ,Unknown,Unknown,One-Step RT-ddPCR Advanced Kit for Probes,ROX,19544,3,19541
C02,,,,,FluA,0,Manual,DQ,Unknown,Unknown,One-Step RT-ddPCR Advanced Kit for Probes,FAM,18850,0,18850
C02,,,,,BRSV,6.89204263687134,Manual,DQ,Unknown,Unknown,One-Step RT-ddPCR Advanced Kit for Probes,HEX,18850,103,18747
C02,,,,,RSV,0,Manual,DQ,Unknown,Unknown,One-Step RT-ddPCR Advanced Kit for Probes,Cy5,18850,0,18850
C02,,,,,FluB,0,Manual,DQ,Unknown,Unknown,One-Step RT-ddPCR Advanced Kit for Probes,Cy5.5,18850,0,18850
C02,,,,,SC2,0.0667318254709244,Manual,DQ,Unknown,Unknown,One-Step RT-ddPCR Advanced Kit for Probes,ROX,18850,1,18849
C03,,,,,FluA,0,Manual,DQ,Unknown,Unknown,One-Step RT-ddPCR Advanced Kit for Probes,FAM,20130,0,20130
C03,,,,,BRSV,6.20146656036377,Manual,DQ,Unknown,Unknown,One-Step RT-ddPCR Advanced Kit for Probes,HEX,20130,99,20031
C03,,,,,RSV,0,Manual,DQ,Unknown,Unknown,One-Step RT-ddPCR Advanced Kit for Probes,Cy5,20130,0,20130
C03,,,,,FluB,0,Manual,DQ,Unknown,Unknown,One-Step RT-ddPCR Advanced Kit for Probes,Cy5.5,20130,0,20130
C03,,,,,SC2,0,Manual,DQ,Unknown,Unknown,One-Step RT-ddPCR Advanced Kit for Probes,ROX,20130,0,20130
C04,,,,,FluA,0,Manual,DQ,Unknown,Unknown,One-Step RT-ddPCR Advanced Kit for Probes,FAM,18307,0,18307
C04,,,,,BRSV,3.16460657119751,Manual,DQ,Unknown,Unknown,One-Step RT-ddPCR Advanced Kit for Probes,HEX,18307,46,18261
C04,,,,,RSV,0,Manual,DQ,Unknown,Unknown,One-Step RT-ddPCR Advanced Kit for Probes,Cy5,18307,0,18307
C04,,,,,FluB,0,Manual,DQ,Unknown,Unknown,One-Step RT-ddPCR Advanced Kit for Probes,Cy5.5,18307,0,18307
C04,,,,,SC2,0,Manual,DQ,Unknown,Unknown,One-Step RT-ddPCR Advanced Kit for Probes,ROX,18307,0,18307
D01,,,,,FluA,0,Manual,DQ,Unknown,Unknown,One-Step RT-ddPCR Advanced Kit for Probes,FAM,19786,0,19786
D01,,,,,BRSV,3.43765211105347,Manual,DQ,Unknown,Unknown,One-Step RT-ddPCR Advanced Kit for Probes,HEX,19786,54,19732
D01,,,,,RSV,0.0635749250650406,Manual,DQ,Unknown,Unknown,One-Step RT-ddPCR Advanced Kit for Probes,Cy5,19786,1,19785
D01,,,,,FluB,0,Manual,DQ,Unknown,Unknown,One-Step RT-ddPCR Advanced Kit for Probes,Cy5.5,19786,0,19786
D01,,,,,SC2,0.508689343929291,Manual,DQ,Unknown,Unknown,One-Step RT-ddPCR Advanced Kit for Probes,ROX,19786,8,19778
D02,,,,,FluA,0,Manual,DQ,Unknown,Unknown,One-Step RT-ddPCR Advanced Kit for Probes,FAM,19358,0,19358
D02,,,,,BRSV,3.12286067008972,Manual,DQ,Unknown,Unknown,One-Step RT-ddPCR Advanced Kit for Probes,HEX,19358,48,19310
D02,,,,,RSV,0,Manual,DQ,Unknown,Unknown,One-Step RT-ddPCR Advanced Kit for Probes,Cy5,19358,0,19358
D02,,,,,FluB,0,Manual,DQ,Unknown,Unknown,One-Step RT-ddPCR Advanced Kit for Probes,Cy5.5,19358,0,19358
D02,,,,,SC2,0,Manual,DQ,Unknown,Unknown,One-Step RT-ddPCR Advanced Kit for Probes,ROX,19358,0,19358
D03,,,,,FluA,0,Manual,DQ,Unknown,Unknown,One-Step RT-ddPCR Advanced Kit for Probes,FAM,20498,0,20498
D03,,,,,BRSV,7.26200294494629,Manual,DQ,Unknown,Unknown,One-Step RT-ddPCR Advanced Kit for Probes,HEX,20498,118,20380
D03,,,,,RSV,0,Manual,DQ,Unknown,Unknown,One-Step RT-ddPCR Advanced Kit for Probes,Cy5,20498,0,20498
D03,,,,,FluB,0,Manual,DQ,Unknown,Unknown,One-Step RT-ddPCR Advanced Kit for Probes,Cy5.5,20498,0,20498
D03,,,,,SC2,0,Manual,DQ,Unknown,Unknown,One-Step RT-ddPCR Advanced Kit for Probes,ROX,20498,0,20498
D04,,,,,FluA,0,Manual,DQ,Unknown,Unknown,One-Step RT-ddPCR Advanced Kit for Probes,FAM,18786,0,18786
D04,,,,,BRSV,0,Manual,DQ,Unknown,Unknown,One-Step RT-ddPCR Advanced Kit for Probes,HEX,18786,0,18786
D04,,,,,RSV,0,Manual,DQ,Unknown,Unknown,One-Step RT-ddPCR Advanced Kit for Probes,Cy5,18786,0,18786
D04,,,,,FluB,0,Manual,DQ,Unknown,Unknown,One-Step RT-ddPCR Advanced Kit for Probes,Cy5.5,18786,0,18786
D04,,,,,SC2,0,Manual,DQ,Unknown,Unknown,One-Step RT-ddPCR Advanced Kit for Probes,ROX,18786,0,18786
E01,,,,,FluA,0,Manual,DQ,Unknown,Unknown,One-Step RT-ddPCR Advanced Kit for Probes,FAM,19261,0,19261
E01,,,,,BRSV,6.0881814956665,Manual,DQ,Unknown,Unknown,One-Step RT-ddPCR Advanced Kit for Probes,HEX,19261,93,19168
E01,,,,,RSV,0,Manual,DQ,Unknown,Unknown,One-Step RT-ddPCR Advanced Kit for Probes,Cy5,19261,0,19261
E01,,,,,FluB,0,Manual,DQ,Unknown,Unknown,One-Step RT-ddPCR Advanced Kit for Probes,Cy5.5,19261,0,19261
E01,,,,,SC2,0.195933684706688,Manual,DQ,Unknown,Unknown,One-Step RT-ddPCR Advanced Kit for Probes,ROX,19261,3,19258
E02,,,,,FluA,0,Manual,DQ,Unknown,Unknown,One-Step RT-ddPCR Advanced Kit for Probes,FAM,19172,0,19172
E02,,,,,BRSV,2.298424243927,Manual,DQ,Unknown,Unknown,One-Step RT-ddPCR Advanced Kit for Probes,HEX,19172,35,19137
E02,,,,,RSV,0,Manual,DQ,Unknown,Unknown,One-Step RT-ddPCR Advanced Kit for Probes,Cy5,19172,0,19172
E02,,,,,FluB,0,Manual,DQ,Unknown,Unknown,One-Step RT-ddPCR Advanced Kit for Probes,Cy5.5,19172,0,19172
E02,,,,,SC2,0,Manual,DQ,Unknown,Unknown,One-Step RT-ddPCR Advanced Kit for Probes,ROX,19172,0,19172
E03,,,,,FluA,0,Manual,DQ,Unknown,Unknown,One-Step RT-ddPCR Advanced Kit for Probes,FAM,20409,0,20409
E03,,,,,BRSV,39.3769226074219,Manual,DQ,Unknown,Unknown,One-Step RT-ddPCR Advanced Kit for Probes,HEX,20409,629,19780
E03,,,,,RSV,0.863153755664825,Manual,DQ,Unknown,Unknown,One-Step RT-ddPCR Advanced Kit for Probes,Cy5,20409,14,20395
E03,,,,,FluB,0,Manual,DQ,Unknown,Unknown,One-Step RT-ddPCR Advanced Kit for Probes,Cy5.5,20409,0,20409
E03,,,,,SC2,0.12327142059803,Manual,DQ,Unknown,Unknown,One-Step RT-ddPCR Advanced Kit for Probes,ROX,20409,2,20407
E04,,,,,FluA,82.233268737793,Manual,DQ,Unknown,Unknown,One-Step RT-ddPCR Advanced Kit for Probes,FAM,18488,1170,17318
E04,,,,,BRSV,142.105560302734,Manual,DQ,Unknown,Unknown,One-Step RT-ddPCR Advanced Kit for Probes,HEX,18488,1975,16513
E04,,,,,RSV,138.834335327148,Manual,DQ,Unknown,Unknown,One-Step RT-ddPCR Advanced Kit for Probes,Cy5,18488,1932,16556
E04,,,,,FluB,0,Manual,DQ,Unknown,Unknown,One-Step RT-ddPCR Advanced Kit for Probes,Cy5.5,18488,0,18488
E04,,,,,SC2,67.5744781494141,Manual,DQ,Unknown,Unknown,One-Step RT-ddPCR Advanced Kit for Probes,ROX,18488,967,17521
F01,,,,,FluA,0,Manual,DQ,Unknown,Unknown,One-Step RT-ddPCR Advanced Kit for Probes,FAM,19342,0,19342
F01,,,,,BRSV,4.16899108886719,Manual,DQ,Unknown,Unknown,One-Step RT-ddPCR Advanced Kit for Probes,HEX,19342,64,19278
F01,,,,,RSV,0.195113107562065,Manual,DQ,Unknown,Unknown,One-Step RT-ddPCR Advanced Kit for Probes,Cy5,19342,3,19339
F01,,,,,FluB,0,Manual,DQ,Unknown,Unknown,One-Step RT-ddPCR Advanced Kit for Probes,Cy5.5,19342,0,19342
F01,,,,,SC2,0.0650343373417854,Manual,DQ,Unknown,Unknown,One-Step RT-ddPCR Advanced Kit for Probes,ROX,19342,1,19341
F02,,,,,FluA,0,Manual,DQ,Unknown,Unknown,One-Step RT-ddPCR Advanced Kit for Probes,FAM,19030,0,19030
F02,,,,,BRSV,5.83019161224365,Manual,DQ,Unknown,Unknown,One-Step RT-ddPCR Advanced Kit for Probes,HEX,19030,88,18942
F02,,,,,RSV,0,Manual,DQ,Unknown,Unknown,One-Step RT-ddPCR Advanced Kit for Probes,Cy5,19030,0,19030
F02,,,,,FluB,0,Manual,DQ,Unknown,Unknown,One-Step RT-ddPCR Advanced Kit for Probes,Cy5.5,19030,0,19030
F02,,,,,SC2,0.330537796020508,Manual,DQ,Unknown,Unknown,One-Step RT-ddPCR Advanced Kit for Probes,ROX,19030,5,19025
F03,,,,,FluA,0,Manual,DQ,Unknown,Unknown,One-Step RT-ddPCR Advanced Kit for Probes,FAM,19492,0,19492
F03,,,,,BRSV,45.53515625,Manual,DQ,Unknown,Unknown,One-Step RT-ddPCR Advanced Kit for Probes,HEX,19492,693,18799
F03,,,,,RSV,0.0645338520407677,Manual,DQ,Unknown,Unknown,One-Step RT-ddPCR Advanced Kit for Probes,Cy5,19492,1,19491
F03,,,,,FluB,0,Manual,DQ,Unknown,Unknown,One-Step RT-ddPCR Advanced Kit for Probes,Cy5.5,19492,0,19492
F03,,,,,SC2,0,Manual,DQ,Unknown,Unknown,One-Step RT-ddPCR Advanced Kit for Probes,ROX,19492,0,19492
F04,,,,,FluA,63.413402557373,Manual,DQ,Unknown,Unknown,One-Step RT-ddPCR Advanced Kit for Probes,FAM,17045,838,16207
F04,,,,,BRSV,101.790084838867,Manual,DQ,Unknown,Unknown,One-Step RT-ddPCR Advanced Kit for Probes,HEX,17045,1325,15720
F04,,,,,RSV,74.1697540283203,Manual,DQ,Unknown,Unknown,One-Step RT-ddPCR Advanced Kit for Probes,Cy5,17045,976,16069
F04,,,,,FluB,0,Manual,DQ,Unknown,Unknown,One-Step RT-ddPCR Advanced Kit for Probes,Cy5.5,17045,0,17045
F04,,,,,SC2,51.6713218688965,Manual,DQ,Unknown,Unknown,One-Step RT-ddPCR Advanced Kit for Probes,ROX,17045,686,16359
G01,,,,,FluA,0,Manual,DQ,Unknown,Unknown,One-Step RT-ddPCR Advanced Kit for Probes,FAM,20061,0,20061
G01,,,,,BRSV,8.30399322509766,Manual,DQ,Unknown,Unknown,One-Step RT-ddPCR Advanced Kit for Probes,HEX,20061,132,19929
G01,,,,,RSV,0,Manual,DQ,Unknown,Unknown,One-Step RT-ddPCR Advanced Kit for Probes,Cy5,20061,0,20061
G01,,,,,FluB,0,Manual,DQ,Unknown,Unknown,One-Step RT-ddPCR Advanced Kit for Probes,Cy5.5,20061,0,20061
G01,,,,,SC2,0,Manual,DQ,Unknown,Unknown,One-Step RT-ddPCR Advanced Kit for Probes,ROX,20061,0,20061
G02,,,,,FluA,0,Manual,DQ,Unknown,Unknown,One-Step RT-ddPCR Advanced Kit for Probes,FAM,19888,0,19888
G02,,,,,BRSV,3.61027002334595,Manual,DQ,Unknown,Unknown,One-Step RT-ddPCR Advanced Kit for Probes,HEX,19888,57,19831
G02,,,,,RSV,0,Manual,DQ,Unknown,Unknown,One-Step RT-ddPCR Advanced Kit for Probes,Cy5,19888,0,19888
G02,,,,,FluB,0,Manual,DQ,Unknown,Unknown,One-Step RT-ddPCR Advanced Kit for Probes,Cy5.5,19888,0,19888
G02,,,,,SC2,0,Manual,DQ,Unknown,Unknown,One-Step RT-ddPCR Advanced Kit for Probes,ROX,19888,0,19888
G03,,,,,FluA,0,Manual,DQ,Unknown,Unknown,One-Step RT-ddPCR Advanced Kit for Probes,FAM,21043,0,21043
G03,,,,,BRSV,35.3411331176758,Manual,DQ,Unknown,Unknown,One-Step RT-ddPCR Advanced Kit for Probes,HEX,21043,583,20460
G03,,,,,RSV,0,Manual,DQ,Unknown,Unknown,One-Step RT-ddPCR Advanced Kit for Probes,Cy5,21043,0,21043
G03,,,,,FluB,0,Manual,DQ,Unknown,Unknown,One-Step RT-ddPCR Advanced Kit for Probes,Cy5.5,21043,0,21043
G03,,,,,SC2,0.597899794578552,Manual,DQ,Unknown,Unknown,One-Step RT-ddPCR Advanced Kit for Probes,ROX,21043,10,21033
H01,,,,,FluA,0,Manual,DQ,Unknown,Unknown,One-Step RT-ddPCR Advanced Kit for Probes,FAM,20581,0,20581
H01,,,,,BRSV,9.75543308258057,Manual,DQ,Unknown,Unknown,One-Step RT-ddPCR Advanced Kit for Probes,HEX,20581,159,20422
H01,,,,,RSV,0,Manual,DQ,Unknown,Unknown,One-Step RT-ddPCR Advanced Kit for Probes,Cy5,20581,0,20581
H01,,,,,FluB,0,Manual,DQ,Unknown,Unknown,One-Step RT-ddPCR Advanced Kit for Probes,Cy5.5,20581,0,20581
H01,,,,,SC2,0.0611190982162952,Manual,DQ,Unknown,Unknown,One-Step RT-ddPCR Advanced Kit for Probes,ROX,20581,1,20580
H02,,,,,FluA,0,Manual,DQ,Unknown,Unknown,One-Step RT-ddPCR Advanced Kit for Probes,FAM,20544,0,20544
H02,,,,,BRSV,3.74044466018677,Manual,DQ,Unknown,Unknown,One-Step RT-ddPCR Advanced Kit for Probes,HEX,20544,61,20483
H02,,,,,RSV,0,Manual,DQ,Unknown,Unknown,One-Step RT-ddPCR Advanced Kit for Probes,Cy5,20544,0,20544
H02,,,,,FluB,0,Manual,DQ,Unknown,Unknown,One-Step RT-ddPCR Advanced Kit for Probes,Cy5.5,20544,0,20544
H02,,,,,SC2,0,Manual,DQ,Unknown,Unknown,One-Step RT-ddPCR Advanced Kit for Probes,ROX,20544,0,20544
H03,,,,,FluA,0,Manual,DQ,Unknown,Unknown,One-Step RT-ddPCR Advanced Kit for Probes,FAM,21224,0,21224
H03,,,,,BRSV,60.7698669433594,Manual,DQ,Unknown,Unknown,One-Step RT-ddPCR Advanced Kit for Probes,HEX,21224,1001,20223
H03,,,,,RSV,0,Manual,DQ,Unknown,Unknown,One-Step RT-ddPCR Advanced Kit for Probes,Cy5,21224,0,21224
H03,,,,,FluB,0,Manual,DQ,Unknown,Unknown,One-Step RT-ddPCR Advanced Kit for Probes,Cy5.5,21224,0,21224
H03,,,,,SC2,0.0592673942446709,Manual,DQ,Unknown,Unknown,One-Step RT-ddPCR Advanced Kit for Probes,ROX,21224,1,21223